Model,Mean Acc,Std Acc,Mean F1,Std F1,Mean AUC,Std AUC,Stability Score
LR,0.8374863387978142,0.04241577785863393,0.8364948396100619,0.04257094808351069,0.9059385020843354,0.039076696529886275,23.183599417311658
SVM,0.8342076502732241,0.03820160697977038,0.8330903346464373,0.03845626165042043,0.8990199114157449,0.03782511107009371,23.76780562473341
kNN,0.8302841530054645,0.037468465843884205,0.8295398638729294,0.037861120080531246,0.8907114548260381,0.03871355403591074,23.007741190387016
RF,0.8315300546448089,0.04959027683679511,0.8302051997571414,0.050172128982468235,0.9047113997113998,0.036935444149036864,24.494395452953984
XGBoost,0.8038142076502731,0.046449146886020726,0.8027059820469656,0.04710860358951698,0.8786897747314413,0.03576432992548591,24.568886149783413
